INSERT INTO type (gaz_type) VALUES
('GES'),
('GRA');

INSERT INTO gaz (gaz_name, id_type) VALUES
('N2O',1),
('CO2 BIO',1),
('NH3',2),
('CH4',1),
('PFC',1),
('HFC',1),
('SF6',1),
('CO2 NON BIO',1);

INSERT INTO region (region_name) VALUES 
('Île-de-France'),
('Auvergne-Rhône-Alpes'),
('Provence-Alpes-Côte d''Azur'),
('Occitanie'),
('Hauts-de-France'),
('Normandie'),
('Nouvelle-Aquitaine'),
('Grand Est'),
('Bretagne'),
('Pays de la Loire'),
('Centre-Val de Loire'),
('Bourgogne-Franche-Comté');

INSERT INTO activity_sector (activity_name) VALUES
('Industrie chimique'),
('Industrie manufacturière'),
('Agriculture'),
('Transport routier'),
('Transport maritime'),
('Construction'),
('Énergie'),
('Industrie alimentaire'),
('Secteur tertiaire'),
('Traitement des eaux'),
('Gestion des déchets'),
('Santé');

INSERT INTO city (id_city, city_name, id_region) VALUES 
('MAR', 'Marseille', 3),
('TOU', 'Toulouse', 4),
('NCE', 'Nice', 3),
('LIL', 'Lille', 5),
('BOR', 'Bordeaux', 7),
('STR', 'Strasbourg', 8),
('REN', 'Rennes', 9),
('NAN', 'Nantes', 10),
('ORL', 'Orléans', 11),
('DIJ', 'Dijon', 12),
('LYO', 'Lyon', 2),
('PAR', 'Paris', 1),
('CAN', 'Cannes', 3),
('NIM', 'Nîmes', 3),
('NAC', 'Nancy', 8),
('AVE', 'Avignon', 3),
('CHA', 'Chambéry', 2),
('ROU', 'Rouen', 6),
('LEH', 'Le Havre', 6),
('ANG', 'Angers', 10),
('LEL', 'Le Mans', 10),
('AMI', 'Amiens', 5),
('VAL', 'Valence', 2),
('AIX', 'Aix-en-Provence', 3),
('BRE', 'Brest', 9);

INSERT INTO report (report_name, date_report) VALUES
('Rapport Annuel 2014', '2014-01-31'),
('Rapport Annuel 2015', '2015-01-31'),
('Rapport Annuel 2016', '2016-01-31'),
('Rapport Annuel 2017', '2017-01-31'),
('Rapport Annuel 2018', '2018-01-31'),
('Rapport Annuel 2019', '2019-01-31'),
('Rapport Annuel 2020', '2020-01-31'),
('Rapport Annuel 2021', '2021-01-31'),
('Rapport Annuel 2022', '2022-01-31'),
('Rapport Annuel 2023', '2023-01-31'),
('Rapport Annuel 2024', '2024-01-31');

INSERT INTO agency (agency_name, address, website, id_city, id_manager) VALUES
('Agence Marseille', '10 Rue de la Liberté, 13001 Marseille', 'www.agence-marseille.com', 'MAR','191212100000125'),
('Agence Toulouse', '25 Avenue des Pyrénées, 31000 Toulouse', 'www.agence-toulouse.com', 'TOU','183008180818210'),
('Agence Nice', '5 Boulevard Victor Hugo, 06000 Nice', 'www.agence-nice.com', 'NCE','285004121212185'),
('Agence Lille', '15 Rue Nationale, 59000 Lille', 'www.agence-lille.com', 'LIL','173003131313270'),
('Agence Bordeaux', '30 Quai des Chartrons, 33000 Bordeaux', 'www.agence-bordeaux.com', 'BOR','228312131313121'),
('Agence Strasbourg', '8 Rue de la Demi-Lune, 67000 Strasbourg', 'www.agence-strasbourg.com', 'STR','169412181818207'),
('Agence Rennes', '12 Rue de la Visitation, 35000 Rennes', 'www.agence-rennes.com', 'REN','204612121212226'),
('Agence Nantes', '20 Rue Crébillon, 44000 Nantes', 'www.agence-nantes.com', 'NAN','299212161616138'),
('Agence Orléans', '7 Rue de la République, 45000 Orléans', 'www.agence-orleans.com', 'ORL','261106060606209'),
('Agence Dijon', '18 Rue des Forges, 21000 Dijon', 'www.agence-dijon.com', 'DIJ','258611151515182'),
('Agence Lyon', '14 Rue de la République, 69001 Lyon', 'www.agence-lyon.com', 'LYO','291104131313202'),
('Agence Nîmes', '12 Rue Boyer Brun, 30000 Nîmes', 'www.agence-nime.com', 'NIM', '190801805051110'),
('Agence Paris', '30 Rue du Faubourg Saint-Honoré, 75008 Paris', 'www.agence-paris.com', 'PAR','200109201414141'),
('Agence Cannes', '20 Boulevard de la Croisette, 06400 Cannes', 'www.agence-cannes.com', 'CAN', '210312161722218'),
('Agence Nancy', '10 Rue Saint-Dizier, 54000 Nancy', 'www.agence-nancy.com', 'NAC','220712171420401'),
('Agence Avignon', '5 Rue de la République, 84000 Avignon', 'www.agence-avignon.com', 'AVE','230811211515201'),
('Agence Chambéry', '12 Rue de Boigne, 73000 Chambéry', 'www.agence-chambery.com', 'CHA','240512221617301'),
('Agence Rouen', '40 Rue du Gros Horloge, 76000 Rouen', 'www.agence-rouen.com', 'ROU','250111232013104'),
('Agence Le Havre', '2 Rue de Paris, 76600 Le Havre', 'www.agence-lehavre.com', 'LEH','260612240518207'),
('Agence Angers', '15 Rue Plantagenêt, 49100 Angers', 'www.agence-angers.com', 'ANG','270312250513301'),
('Agence Le Mans', '8 Rue des Minimes, 72000 Le Mans', 'www.agence-lemans.com', 'LEL','280613260618402'),
('Agence Amiens', '20 Rue des Trois Cailloux, 80000 Amiens', 'www.agence-amiens.com', 'AMI','290214270723103'),
('Agence Valence', '30 Rue Madier de Montjau, 26000 Valence', 'www.agence-valence.com', 'VAL','100515280828204'),
('Agence Aix-en-Provence', '5 Rue Gaston de Saporta, 13100 Aix-en-Provence', 'www.agence-aix.com', 'AIX','110816290933305'),
('Agence Brest', '10 Rue de Siam, 29200 Brest', 'www.agence-brest.com', 'BRE','120117301038406');

INSERT INTO agent (id_agent, fn_agent, sn_agent, birth_date, start_of_service, postal_adress, mail, job_name, id_agency) VALUES
('191212100000125', 'Thomas', 'Lambert', '1991-12-12', '2018-05-10', '8 Rue des Moulins, 13001 Marseille', 'thomas.lambert@gmail.com', 'CHEF', 1),
('292305250505167', 'Sophie', 'Dubois', '1992-05-25', '2016-08-15', '11 Rue des Capucins, 13001 Marseille', 'sophie.dubois@gmail.com', 'TECH', 1),
('183008180818210', 'Lucas', 'Girard', '1983-08-18', '2017-02-25', '14 Rue des Oliviers, 31000 Toulouse', 'lucas.girard@gmail.com', 'CHEF', 2),
('276605020202232', 'Émilie', 'Marchand', '1976-05-02', '2019-11-30', '22 Rue des Roses, 31000 Toulouse', 'emilie.marchand@gmail.com', 'TECH', 2),
('198911300707157', 'Paul', 'Dupuis', '1989-11-30', '2015-04-20', '16 Rue des Tulipes, 31000 Toulouse', 'paul.dupuis@gmail.com', 'ADMIN', 2),
('285004121212185', 'Alexandre', 'Fournier', '1985-12-12', '2018-06-10', '19 Rue des Fleurs, 06000 Nice', 'alexandre.fournier@gmail.com', 'CHEF', 3),
('203009090707136', 'Sophie', 'Laurent', '2003-09-09', '2019-01-02', '25 Rue des Roses, 06000 Nice', 'sophie.laurent@gmail.com', 'TECH', 3),
('173003131313270', 'Léa', 'Lemoine', '1973-03-13', '2018-05-01', '6 Rue des Violettes, 59000 Lille', 'lea.lemoine@gmail.com', 'CHEF', 4),
('294003141414293', 'Antoine', 'Giraud', '1994-03-14', '2019-07-15', '13 Rue des Iris, 59000 Lille', 'antoine.giraud@gmail.com', 'TECH', 4),
('298307191919213', 'Émilie', 'Morel', '1998-07-19', '2015-10-20', '22 Rue des Tulipes, 59000 Lille', 'emilie.morel@gmail.com', 'ADMIN', 4),
('228312131313121', 'Nicolas', 'Lefebvre', '1922-12-13', '2014-06-18', '10 Rue des Pommiers, 33000 Bordeaux', 'nicolas.lefebvre@gmail.com', 'CHEF', 5),
('297510200707225', 'Charlotte', 'Michel', '1997-10-20', '2016-09-01', '16 Rue des Vignes, 33000 Bordeaux', 'charlotte.michel@gmail.com', 'TECH', 5),
('181108100707154', 'Vincent', 'Roy', '1981-08-10', '2015-12-10', '7 Rue des Mimosas, 33000 Bordeaux', 'vincent.roy@gmail.com', 'ADMIN', 5),
('169412181818207', 'Julie', 'Barbier', '1969-12-18', '2016-03-05', '15 Rue des Roses, 67000 Strasbourg', 'julie.barbier@gmail.com', 'CHEF', 6),
('239704040404262', 'Thomas', 'Guillaume', '1939-04-04', '2018-08-25', '10 Rue des Coquelicots, 67000 Strasbourg', 'thomas.guillaume@gmail.com', 'TECH', 6),
('240202181818193', 'Marie', 'Rolland', '1940-02-18', '2015-10-10', '22 Rue des Mûriers, 67000 Strasbourg', 'marie.rolland@gmail.com', 'ADMIN', 6),
('204612121212226', 'Sophie', 'Renard', '2004-12-12', '2017-09-18', '14 Rue des Cerisiers, 35000 Rennes', 'sophie.renard@gmail.com', 'CHEF', 7),
('187007070707141', 'Julien', 'Berger', '1987-07-07', '2018-12-01', '10 Rue des Pêchers, 44000 Nantes', 'julien.berger@gmail.com', 'TECH', 8),
('295511202020202', 'Marine', 'Dupont', '1995-11-20', '2019-03-15', '18 Rue des Marguerites, 44000 Nantes', 'marine.dupont@gmail.com', 'TECH', 8),
('299212161616138', 'Thomas', 'Gauthier', '1992-12-16', '2015-06-01', '13 Rue des Violettes, 44000 Nantes', 'thomas.gauthier@gmail.com', 'CHEF', 8),
('261106060606209', 'Émilie', 'Rousseau', '1961-11-06', '2013-09-10', '11 Rue des Cerisiers, 45000 Orléans', 'emilie.rousseau@gmail.com', 'CHEF', 9),
('207102020202207', 'Antoine', 'Lecomte', '1920-10-02', '2016-04-05', '16 Rue des Lilas, 45000 Orléans', 'antoine.lecomte@gmail.com', 'TECH', 9),
('258611151515182', 'Julie', 'Noël', '1958-11-15', '2018-12-15', '14 Rue des Amandiers, 21000 Dijon', 'julie.noel@gmail.com', 'CHEF', 10),
('277107080808130', 'Louis', 'Baron', '1977-07-08', '2014-02-01', '10 Rue des Violettes, 21000 Dijon', 'louis.baron@gmail.com', 'TECH', 10),
('291104131313202', 'Sophie', 'Leroy', '1991-11-04', '2016-05-20', '12 Rue des Lilas, 69001 Lyon', 'sophie.leroy@gmail.com', 'CHEF', 11),
('190801805051110', 'Lucas', 'Girard', '1985-05-18', '2023-08-01', '12 Rue des Capucins, 30000 Nîmes', 'lucas.girard@gmail.com', 'CHEF', 12),
('200109201414141', 'Alexandre', 'Fournier', '2001-09-20', '2023-04-20', '16 Rue des Fleurs, 75008 Paris', 'alexandre.fournier@gmail.com', 'CHEF', 13),
('210312161722218', 'Sophie', 'Laurent', '2021-03-16', '2023-10-20', '20 Rue des Roses, 06400 Cannes', 'sophie.laurent@gmail.com', 'CHEF', 14),
('220712171420401', 'Marie', 'Rolland', '2022-07-17', '2023-12-25', '22 Rue des Mûriers, 54000 Nancy', 'marie.rolland@gmail.com', 'CHEF', 15),
('230811211515201', 'Juliette', 'Martel', '2023-08-11', '2023-04-10', '20 Rue des Orchidées, 84000 Avignon', 'juliette.martel@gmail.com', 'CHEF', 16),
('240512221617301', 'Louis', 'Baron', '2024-05-12', '2023-10-05', '10 Rue des Violettes, 73000 Chambéry', 'louis.baron@gmail.com', 'CHEF', 17),
('250111232013104', 'Sophie', 'Leroy', '2025-01-11', '2023-07-18', '12 Rue des Lilas, 76000 Rouen', 'sophie.leroy@gmail.com', 'CHEF', 18),
('260612240518207', 'Léa', 'Roux', '2026-06-12', '2023-12-15', '10 Rue des Pêchers, 76600 Le Havre', 'lea.roux@gmail.com', 'CHEF', 19),
('270312250513301', 'Matthieu', 'Fournier', '2027-03-12', '2023-07-20', '18 Rue des Pommiers, 49100 Angers', 'matthieu.fournier@gmail.com', 'CHEF', 20),
('280613260618402', 'Julie', 'Dupont', '2028-06-13', '2023-11-15', '22 Rue des Lilas, 72000 Le Mans', 'julie.dupont@gmail.com', 'CHEF', 21),
('290214270723103', 'Lucie', 'Guérin', '2029-02-14', '2023-09-01', '10 Rue des Roses, 80000 Amiens', 'lucie.guerin@gmail.com', 'CHEF', 22),
('100515280828204', 'Antoine', 'Marchand', '2030-05-15', '2023-11-15', '16 Rue des Violettes, 26000 Valence', 'antoine.marchand@gmail.com', 'CHEF', 23),
('110816290933305', 'Juliette', 'Garnier', '2031-08-16', '2023-08-01', '5 Rue Gaston de Saporta, 13100 Aix-en-Provence', 'juliette.garnier@gmail.com', 'CHEF', 24),
('120117301038406', 'Gabriel', 'Picard', '2032-01-17', '2023-12-01', '10 Rue de Siam, 29200 Brest', 'gabriel.picard@gmail.com', 'CHEF', 25),
('190308150300123', 'Santino', 'Bianco', '1985-08-15', '2022-04-05', '25 Rue Paradis, 13001 Marseille', 'santino.bianco@gmail.com', 'TECH', 1),
('190307290300223', 'Lorena', 'Vargas', '1985-07-29', '2022-04-07', '15 Rue de Metz, 31000 Toulouse', 'lorena.vargas@gmail.com', 'TECH', 2),
('190306030300323', 'Mateo', 'Moreno', '1985-06-03', '2022-04-09', '30 Rue Masséna, 06000 Nice', 'mateo.moreno@gmail.com', 'TECH', 3),
('190304220300423', 'Esperanza', 'Santos', '1985-04-22', '2022-04-11', '5 Rue Paradis, 59000 Lille', 'esperanza.santos@gmail.com', 'TECH', 4),
('190301100300523', 'Rafael', 'Romero', '1985-01-10', '2022-04-13', '22 Rue de la Pomme, 33000 Bordeaux', 'rafael.romero@gmail.com', 'TECH', 5),
('190303200300623', 'Carmen', 'Gonzalez', '1985-03-20', '2022-04-15', '12 Rue de la Liberté, 33000 Bordeaux', 'carmen.gonzalez@gmail.com', 'TECH', 5),
('190312050300723', 'Joaquin', 'Navarro', '1985-12-05', '2022-04-17', '8 Rue de la Paix, 67000 Strasbourg', 'joaquin.navarro@gmail.com', 'TECH', 6),
('190309210300823', 'Marisol', 'Rodriguez', '1985-09-21', '2022-04-19', '18 Rue de l\'Amour, 67000 Strasbourg', 'marisol.rodriguez@gmail.com', 'TECH', 6),
('190305120300923', 'Salvador', 'Fernandez', '1985-05-12', '2022-04-21', '3 Rue de la République, 35000 Rennes', 'salvador.fernandez@gmail.com', 'TECH', 7),
('190302030301023', 'Luna', 'Morales', '1985-02-03', '2022-04-23', '7 Rue du Commerce, 35000 Rennes', 'luna.morales@gmail.com', 'TECH', 7),
('190310150301123', 'Diego', 'Alvarez', '1985-10-15', '2022-04-25', '22 Rue des Arts, 44000 Nantes', 'diego.alvarez@gmail.com', 'TECH', 8),
('190311200301223', 'Estrella', 'Silva', '1985-11-20', '2022-04-27', '13 Rue de l\'Étoile, 44000 Nantes', 'estrella.silva@gmail.com', 'TECH', 8),
('190312100301323', 'Alejandro', 'Perez', '1985-12-10', '2022-04-29', '5 Rue des Artistes, 26000 Valence', 'alejandro.perez@gmail.com', 'TECH', 9),
('190310050301423', 'Rosa', 'Hernandez', '1985-10-05', '2022-05-01', '9 Rue des Oliviers, 26000 Valence', 'rosa.hernandez@gmail.com', 'TECH', 9),
('190303250301523', 'Pablo', 'Diaz', '1985-03-25', '2022-05-03', '15 Rue des Roses, 13100 Aix-en-Provence', 'pablo.diaz@gmail.com', 'TECH', 10),
('190301090301623', 'Sofia', 'Lopez', '1985-01-09', '2022-05-05', '8 Rue des Lavandes, 13100 Aix-en-Provence', 'sofia.lopez@gmail.com', 'TECH', 10),
('190307280301723', 'Javier', 'Gomez', '1985-07-28', '2022-05-07', '11 Rue du Port, 29200 Brest', 'javier.gomez@gmail.com', 'TECH', 11),
('190303140301823', 'Isabel', 'Torres', '1985-03-14', '2022-05-09', '6 Rue du Château, 29200 Brest', 'isabel.torres@gmail.com', 'TECH', 11),
('190306040301923', 'Juan', 'Martinez', '1985-06-04', '2022-05-11', '14 Rue des Cèdres, 76600 Le Havre', 'juan.martinez@gmail.com', 'TECH', 12),
('190308090302023', 'Maria', 'Sanchez', '1985-08-09', '2022-05-13', '3 Rue des Roses, 76600 Le Havre', 'maria.sanchez@gmail.com', 'TECH', 12),
('190310260302127', 'Carlos', 'Ruiz', '1985-10-26', '2022-05-15', '18 Rue des Tulipes, 49100 Angers', 'carlos.ruiz@gmail.com', 'TECH', 13),
('190312310302223', 'Ana', 'Garcia', '1985-12-31', '2022-05-17', '9 Rue des Lilas, 49100 Angers', 'ana.garcia@gmail.com', 'TECH', 13),
('190301150302323', 'Pedro', 'Alonso', '1985-01-15', '2022-05-19', '12 Rue des Orchidées, 72000 Le Mans', 'pedro.alonso@gmail.com', 'TECH', 14),
('190306200302423', 'Teresa', 'Gutierrez', '1985-06-20', '2022-05-21', '4 Rue des Violettes, 72000 Le Mans', 'teresa.gutierrez@gmail.com', 'TECH', 14),
('190308310302523', 'Fernando', 'Dominguez', '1985-08-31', '2022-05-23', '6 Rue des Pins, 75008 Paris', 'fernando.dominguez@gmail.com', 'TECH', 15),
('190307040302623', 'Marina', 'Santos', '1985-07-04', '2022-05-25', '9 Rue des Roses, 75008 Paris', 'marina.santos@gmail.com', 'TECH', 15),
('190306090302723', 'Juan', 'Hernandez', '1985-06-09', '2022-05-27', '7 Rue des Tulipes, 06400 Cannes', 'juan.hernandez@gmail.com', 'TECH', 16),
('190308080302823', 'Ana', 'Rodriguez', '1985-08-08', '2022-05-29', '2 Rue des Pivoines, 06400 Cannes', 'ana.rodriguez@gmail.com', 'TECH', 16),
('190310210302923', 'Carlos', 'Gonzalez', '1985-10-21', '2022-05-31', '16 Rue des Marguerites, 54000 Nancy', 'carlos.gonzalez@gmail.com', 'TECH', 17),
('190311280303423', 'Maria', 'Martinez', '1985-11-28', '2022-06-02', '10 Rue des Coquelicots, 54000 Nancy', 'maria.martinez@gmail.com', 'TECH', 17),
('190312100301333', 'Ignacio', 'Moreno', '1985-12-10', '2022-04-29', '10 Rue des Capucins, 69001 Lyon', 'ignacio.moreno@gmail.com', 'TECH', 11),
('190306040301913', 'Manuela', 'Sanchez', '1985-06-04', '2022-05-11', '12 Rue de la Couronne, 30000 Nîmes', 'manuela.sanchez@gmail.com', 'TECH', 12),
('190308080302828', 'Alejandro', 'Perez', '1985-08-08', '2022-05-29', '8 Rue des Lices, 84000 Avignon', 'alejandro.perez@gmail.com', 'TECH', 16),
('190310260302123', 'Marina', 'Gonzalez', '1985-10-26', '2022-06-15', '15 Rue des Alpes, 73000 Chambéry', 'marina.gonzalez@gmail.com', 'TECH', 17),
('190307310302523', 'Javier', 'Fernandez', '1985-07-31', '2022-07-01', '30 Rue des Carmes, 76000 Rouen', 'javier.fernandez@gmail.com', 'TECH', 18),
('190311280303023', 'Diego', 'Alvarez', '1985-11-28', '2022-07-17', '10 Rue des Anges, 49000 Angers', 'diego.alvarez@gmail.com', 'TECH', 20),
('190303200200623', 'Maria', 'Sanchez', '1985-03-20', '2022-07-29', '12 Rue des Lilas, 80000 Amiens', 'maria.sanchez@gmail.com', 'TECH', 22),
('190304100300523', 'Raphael', 'Romero', '1985-01-10', '2022-08-12', '22 Rue des Roses, 59000 Lille', 'raphael.romero@gmail.com', 'TECH', 4);

INSERT INTO sensor (id_activity, id_gaz, id_agent, id_city) VALUES
(3, 1, '292305250505167', 'MAR'),
(6, 5, '190307290300223', 'TOU'),
(11, 2, '190306030300323', 'NCE'),
(8, 7, '190304220300423', 'LIL'),
(5, 3, '190301100300523', 'BOR'),
(7, 6, '190312050300723', 'STR'),
(1, 8, '190305120300923', 'REN'),
(10, 4, '190310150301123', 'NAN'),
(4, 1, '207102020202207', 'ORL'),
(12, 2, '277107080808130', 'DIJ'),
(2, 3, '190312100301333', 'LYO'),
(9, 4, '190307040302623', 'PAR'),
(3, 5, '190308080302823', 'CAN'),
(6, 6, '190306040301913', 'NIM'),
(11, 7, '190310210302923', 'NAC'),
(8, 8, '190308080302828', 'AVE'),
(5, 1, '190310260302123', 'CHA'),
(7, 2, '190307310302523', 'ROU'),
(1, 3, '190306040301923', 'LEH'),
(10, 4, '190311280303023', 'ANG'),
(4, 5, '190301150302323', 'LEL'),
(12, 6, '190303200200623', 'AMI'),
(2, 7, '190312100301323', 'VAL'),
(9, 8, '190301090301623', 'AIX'),
(3, 1, '190303140301823', 'BRE'),
(6, 2, '190308150300123', 'MAR'),
(11, 3, '190307290300223', 'TOU'),
(8, 4, '190306030300323', 'NCE'),
(5, 5, '190304100300523', 'LIL'),
(7, 6, '190303200300623', 'BOR');

INSERT INTO record (id_record, data_record, date_record, id_sensor) VALUES
(1, 10.5, '2014-03-15', 15), 
(2, 8.7, '2015-07-23', 28), 
(3, 15.2, '2016-09-08', 7), 
(4, 12.3, '2017-04-12', 20), 
(5, 9.8, '2018-12-06', 10), 
(6, 11.0, '2019-08-19', 4), 
(7, 14.5, '2020-10-27', 29), 
(8, 7.9, '2014-11-30', 12), 
(9, 13.2, '2015-05-14', 2), 
(10, 10.1, '2016-08-02', 17), 
(11, 8.4, '2017-01-17', 30), 
(12, 16.8, '2018-06-29', 1), 
(13, 9.3, '2019-09-03', 8), 
(14, 11.7, '2020-02-14', 24), 
(15, 14.0, '2021-07-08', 3), 
(16, 6.8, '2014-10-04', 11), 
(17, 12.6, '2015-06-22', 25), 
(18, 10.9, '2016-09-30', 16), 
(19, 8.2, '2017-11-13', 18), 
(20, 13.5, '2018-03-25', 19), 
(21, 9.7, '2019-01-19', 13), 
(22, 11.3, '2020-05-02', 22), 
(23, 16.1, '2021-09-11', 23), 
(24, 8.8, '2022-04-27', 6), 
(25, 10.2, '2023-11-18', 27), 
(26, 15.9, '2024-08-03', 9), 
(27, 7.5, '2014-12-10', 5), 
(28, 12.0, '2015-08-14', 21), 
(29, 9.0, '2016-10-01', 14), 
(30, 14.3, '2017-12-25', 26), 
(31, 11.5, '2018-02-03', 30), 
(32, 9.4, '2019-05-16', 3), 
(33, 13.8, '2020-08-28', 8), 
(34, 8.6, '2021-03-09', 17), 
(35, 10.8, '2022-06-19', 21), 
(36, 15.0, '2023-10-02', 29), 
(37, 7.2, '2014-05-11', 26), 
(38, 11.9, '2015-01-27', 15), 
(39, 9.5, '2016-04-18', 2), 
(40, 13.3, '2017-09-07', 12), 
(41, 8.1, '2018-11-30', 18), 
(42, 12.4, '2019-03-21', 28), 
(43, 10.6, '2020-06-12', 5), 
(44, 14.7, '2021-08-24', 9), 
(45, 7.4, '2022-12-05', 14), 
(46, 11.1, '2023-02-17', 30), 
(47, 9.9, '2014-04-28', 3), 
(48, 13.1, '2015-07-06', 8), 
(49, 8.3, '2016-10-16', 16), 
(50, 12.2, '2017-11-29', 24), 
(51, 16.5, '2018-01-14', 19), 
(52, 7.7, '2019-05-27', 26), 
(53, 10.7, '2020-07-08', 11), 
(54, 14.9, '2021-09-21', 7), 
(55, 6.5, '2022-11-03', 22), 
(56, 12.9, '2023-12-17', 10), 
(57, 9.1, '2014-02-23', 18), 
(58, 11.2, '2015-04-07', 27), 
(59, 8.5, '2016-06-20', 9), 
(60, 13.4, '2017-08-03', 5), 
(61, 8.9, '2018-09-16', 30), 
(62, 12.5, '2019-11-29', 14), 
(63, 16.6, '2021-02-10', 3), 
(64, 7.3, '2022-03-26', 17), 
(65, 11.8, '2023-06-07', 22), 
(66, 10.4, '2024-08-20', 8), 
(67, 13.7, '2014-01-04', 1), 
(68, 9.6, '2015-03-18', 25), 
(69, 12.7, '2016-05-31', 16), 
(70, 14.6, '2017-07-14', 19), 
(71, 7.6, '2018-09-27', 13), 
(72, 11.6, '2019-12-10', 28), 
(73, 8.0, '2021-02-22', 6), 
(74, 12.1, '2022-04-07', 21), 
(75, 16.0, '2023-06-20', 26), 
(76, 6.9, '2024-09-02', 15), 
(77, 14.2, '2014-05-15', 23), 
(78, 9.2, '2015-07-28', 24), 
(79, 13.9, '2016-10-10', 11), 
(80, 8.7, '2017-12-24', 27), 
(81, 10.3, '2019-03-08', 4), 
(82, 15.8, '2020-05-21', 21), 
(83, 7.8, '2021-08-03', 28), 
(84, 11.0, '2022-10-16', 13), 
(85, 16.2, '2023-12-29', 29), 
(86, 6.7, '2014-02-11', 16), 
(87, 12.6, '2015-04-25', 29), 
(88, 9.9, '2016-07-08', 2), 
(89, 14.4, '2017-09-21', 19), 
(90, 7.1, '2018-12-04', 23), 
(91, 11.3, '2020-02-16', 18), 
(92, 15.7, '2021-04-01', 27), 
(93, 6.6, '2022-06-14', 12), 
(94, 12.8, '2023-08-27', 22), 
(95, 9.3, '2014-11-09', 3), 
(96, 13.0, '2016-01-23', 9), 
(97, 7.7, '2017-04-07', 15), 
(98, 10.0, '2018-06-20', 24), 
(99, 14.5, '2019-09-02', 30), 
(100, 6.3, '2020-11-15', 4), 
(101, 12.0, '2022-01-28', 10), 
(102, 16.3, '2023-04-13', 16), 
(103, 6.4, '2024-06-26', 21), 
(104, 11.4, '2014-09-08', 26), 
(105, 16.4, '2015-11-22', 7), 
(106, 7.0, '2017-02-05', 22), 
(107, 11.9, '2018-04-20', 28), 
(108, 15.6, '2019-07-03', 13), 
(109, 7.5, '2020-09-16', 19), 
(110, 12.7, '2021-11-29', 24), 
(111, 9.4, '2023-02-12', 29), 
(112, 13.5, '2024-04-26', 5), 
(113, 6.2, '2014-07-10', 14), 
(114, 11.2, '2015-09-24', 23), 
(115, 16.1, '2016-12-07', 8), 
(116, 7.3, '2018-02-19', 17), 
(117, 11.8, '2019-04-04', 24), 
(118, 15.5, '2020-06-17', 30), 
(119, 7.4, '2021-08-30', 5), 
(120, 13.6, '2022-11-12', 11), 
(121, 9.5, '2024-01-25', 17), 
(122, 12.9, '2014-03-10', 23), 
(123, 16.0, '2015-05-24', 30), 
(124, 6.1, '2016-08-06', 9), 
(125, 12.6, '2017-10-19', 16), 
(126, 7.2, '2019-01-01', 22), 
(127, 11.7, '2020-03-15', 28), 
(128, 15.4, '2021-05-28', 13), 
(129, 7.3, '2022-08-10', 19), 
(130, 13.7, '2023-10-23', 24), 
(131, 9.6, '2024-12-05', 29), 
(132, 12.8, '2014-02-17', 4), 
(133, 15.9, '2015-04-03', 11), 
(134, 6.0, '2016-06-16', 18), 
(135, 12.5, '2017-08-29', 25), 
(136, 7.1, '2018-11-11', 30), 
(137, 11.6, '2020-01-24', 5), 
(138, 15.3, '2021-04-08', 12), 
(139, 7.8, '2022-06-21', 20), 
(140, 13.8, '2023-09-04', 27), 
(141, 9.7, '2024-11-17', 3), 
(142, 12.4, '2014-01-31', 10), 
(143, 16.3, '2015-04-16', 16), 
(144, 6.9, '2016-07-29', 22), 
(145, 13.0, '2017-10-11', 28), 
(146, 9.8, '2019-12-24', 13), 
(147, 11.5, '2021-03-08', 19), 
(148, 14.2, '2022-05-21', 25), 
(149, 6.7, '2023-08-03', 30), 
(150, 12.1, '2024-10-16', 5), 
(151, 15.7, '2014-12-28', 11), 
(152, 7.0, '2016-03-12', 17), 
(153, 12.3, '2017-05-25', 24), 
(154, 15.2, '2018-08-07', 30), 
(155, 7.9, '2019-10-20', 6), 
(156, 10.6, '2020-12-02', 12), 
(157, 15.0, '2022-02-14', 19), 
(158, 6.8, '2023-04-29', 25), 
(159, 11.4, '2024-07-13', 30), 
(160, 14.8, '2015-09-26', 5), 
(161, 6.6, '2016-12-09', 11), 
(162, 12.2, '2018-02-21', 18), 
(163, 15.1, '2019-05-06', 24), 
(164, 7.0, '2020-07-19', 29), 
(165, 11.3, '2021-09-01', 4), 
(166, 14.1, '2022-11-14', 10), 
(167, 6.5, '2024-01-27', 16), 
(168, 12.0, '2014-03-12', 22), 
(169, 15.8, '2015-05-25', 27), 
(170, 7.7, '2016-08-06', 3), 
(171, 10.4, '2017-10-19', 8), 
(172, 14.3, '2018-12-02', 14), 
(173, 6.2, '2020-01-15', 20), 
(174, 11.1, '2021-03-30', 26), 
(175, 15.5, '2022-06-12', 2), 
(176, 7.6, '2023-08-25', 7), 
(177, 10.8, '2024-11-07', 13), 
(178, 14.4, '2014-01-20', 19), 
(179, 6.3, '2015-04-04', 24), 
(180, 11.0, '2016-06-17', 30), 
(181, 15.6, '2017-08-30', 5), 
(182, 7.5, '2018-11-12', 11), 
(183, 10.9, '2020-01-25', 17), 
(184, 14.5, '2021-04-09', 23), 
(185, 6.4, '2022-06-22', 29), 
(186, 11.2, '2023-09-05', 6), 
(187, 16.0, '2024-11-18', 12), 
(188, 6.1, '2014-02-01', 18), 
(189, 12.6, '2015-04-16', 24), 
(190, 15.9, '2016-07-30', 30), 
(191, 6.0, '2017-10-12', 5), 
(192, 10.7, '2019-12-25', 11), 
(193, 15.4, '2021-03-09', 17), 
(194, 6.9, '2022-05-22', 23), 
(195, 11.5, '2023-08-04', 29), 
(196, 15.8, '2024-10-17', 6), 
(197, 6.2, '2014-01-30', 12), 
(198, 12.8, '2015-04-14', 18), 
(199, 15.7, '2016-06-27', 24), 
(200, 7.3, '2017-09-10', 30);

INSERT INTO writing (id_report, id_agent) VALUES
(1, '198911300707157'),
(2, '240202181818193'),
(3, '198911300707157'),
(4, '240202181818193'),
(5, '298307191919213'),
(6, '181108100707154'),
(7, '198911300707157'),
(8, '298307191919213'),
(9, '240202181818193'),
(10, '298307191919213'),
(11, '198911300707157');

INSERT INTO give (id_record, id_report)
SELECT r.id_record, rp.id_report
FROM record r
JOIN report rp ON DATE_FORMAT(r.date_record, '%Y') = DATE_FORMAT(rp.date_report, '%Y');
